[
  {
    "userId": "narendra",
    "cardNumber": 1234678912346789,
    "cardType": "HSBC Credit Card",
    "firstName": "Narendra",
	"lastName": "Patil"
  },
  {
    "userId": "narendra",
    "cardNumber": 1234677812346789,
    "cardType": "HSBC Credit Card",
    "firstName": "Narendra",
	"lastName": "Patil"
  },
  {
    "userId": "narendra",
    "cardNumber": 1234672346849322,
    "cardType": "HSBC Credit Card",
    "firstName": "Narendra",
	"lastName": "Patil"
  },
  {
    "userId": "vishal",
    "cardNumber": 1234672343894364,
    "cardType": "HSBC Credit Card",
    "firstName": "Vishal",
	"lastName": "Mulik"
  },
  {
    "userId": "vishal",
    "cardNumber": 12346723446649434,
    "cardType": "HSBC Credit Card",
    "firstName": "Vishal",
	"lastName": "Mulik"
  }
  
]